state,indicator,lead_quarters,correlation,abs_correlation,observations
NJ,coincident,0,0.9416376891405198,0.9416376891405198,39
VT,coincident,0,0.9296736355481194,0.9296736355481194,39
NJ,payroll,0,0.9265946085292837,0.9265946085292837,39
IL,coincident,0,0.9082129183945835,0.9082129183945835,39
MI,coincident,0,0.9072868898379465,0.9072868898379465,39
IN,coincident,0,0.8976735141000708,0.8976735141000708,39
NV,coincident,0,0.8933169253798882,0.8933169253798882,39
MA,coincident,0,0.892744424956867,0.892744424956867,39
OH,coincident,0,0.8886303872839089,0.8886303872839089,39
CO,coincident,0,0.8877614117107161,0.8877614117107161,39
NV,payroll,0,0.8849782930223234,0.8849782930223234,39
VT,payroll,0,0.8796317644331985,0.8796317644331985,39
TN,coincident,0,0.8765359299317894,0.8765359299317894,39
VA,payroll,0,0.8686840754914026,0.8686840754914026,39
FL,coincident,0,0.8657094034048607,0.8657094034048607,39
MA,payroll,0,0.8600627377284373,0.8600627377284373,39
VA,coincident,0,0.8592706043007959,0.8592706043007959,39
MN,coincident,0,0.8581537728351917,0.8581537728351917,39
ME,coincident,0,0.8550918998241259,0.8550918998241259,39
AL,coincident,0,0.8532123846103186,0.8532123846103186,39
WI,coincident,0,0.8521594999083251,0.8521594999083251,39
NY,payroll,0,0.8513158332837313,0.8513158332837313,39
IL,payroll,0,0.8512369654720211,0.8512369654720211,39
ME,payroll,0,0.8507621345764433,0.8507621345764433,39
PA,coincident,0,0.8502555213344052,0.8502555213344052,39
OR,coincident,0,0.8484023345371076,0.8484023345371076,39
MO,coincident,0,0.8469222404545552,0.8469222404545552,39
CO,payroll,0,0.8460873553678306,0.8460873553678306,39
KY,payroll,0,0.845186101097922,0.845186101097922,39
PA,payroll,0,0.8443550828008622,0.8443550828008622,39
AZ,coincident,0,0.8442107015138699,0.8442107015138699,39
NY,coincident,0,0.8418265072972158,0.8418265072972158,39
CA,coincident,0,0.8388120864252777,0.8388120864252777,39
NC,coincident,0,0.8385114616385286,0.8385114616385286,39
MO,payroll,0,0.8349296672227234,0.8349296672227234,39
WI,payroll,0,0.832502990974925,0.832502990974925,39
NE,coincident,0,0.8310664903308486,0.8310664903308486,39
MI,payroll,0,0.8309538705206955,0.8309538705206955,39
IN,payroll,0,0.830907627318724,0.830907627318724,39
ID,coincident,0,0.8210404007344583,0.8210404007344583,39
WV,coincident,0,0.8175281942445973,0.8175281942445973,39
OH,payroll,0,0.8167146041990175,0.8167146041990175,39
NH,coincident,0,0.8145960402077328,0.8145960402077328,39
LA,coincident,0,0.8134540138195333,0.8134540138195333,39
NC,payroll,0,0.813446728416343,0.813446728416343,39
OR,payroll,0,0.812013110841262,0.812013110841262,39
RI,payroll,0,0.8087123815094975,0.8087123815094975,39
NM,payroll,0,0.8059266988252171,0.8059266988252171,39
GA,coincident,0,0.801043400897302,0.801043400897302,39
MN,payroll,0,0.8006073077823044,0.8006073077823044,39
SC,coincident,0,0.7921323125582824,0.7921323125582824,39
MD,payroll,0,0.7918322224229231,0.7918322224229231,39
WA,coincident,0,0.7903173380679105,0.7903173380679105,39
MS,coincident,0,0.7897691056364438,0.7897691056364438,39
AL,payroll,0,0.7886668062063164,0.7886668062063164,39
GA,payroll,0,0.7770193778978255,0.7770193778978255,39
KS,coincident,0,0.7734255760935017,0.7734255760935017,39
KS,payroll,0,0.7710149373929682,0.7710149373929682,39
UT,payroll,0,0.7705789495420762,0.7705789495420762,39
UT,coincident,0,0.7699472373964604,0.7699472373964604,39
TN,payroll,0,0.7697852685788592,0.7697852685788592,39
RI,coincident,0,0.7687136608100086,0.7687136608100086,39
MS,payroll,0,0.7673057192175091,0.7673057192175091,39
OK,coincident,0,0.7608986031590342,0.7608986031590342,39
WY,payroll,0,0.7600512651310254,0.7600512651310254,39
KY,coincident,0,0.7574280709616219,0.7574280709616219,39
ND,payroll,0,0.7564879446992728,0.7564879446992728,39
NH,payroll,0,0.7535491575914427,0.7535491575914427,39
VA,claims,0,-0.7499095327126024,0.7499095327126024,39
SC,payroll,0,0.7497652308615931,0.7497652308615931,39
MT,payroll,0,0.7476714245633765,0.7476714245633765,39
LA,payroll,0,0.7473890991056641,0.7473890991056641,39
TX,coincident,0,0.7466703822090025,0.7466703822090025,39
NJ,claims,0,-0.745170753505629,0.745170753505629,39
MO,claims,0,-0.7407575190810654,0.7407575190810654,39
CO,claims,0,-0.7381711690567436,0.7381711690567436,39
LA,claims,0,-0.7345492220946168,0.7345492220946168,39
FL,payroll,0,0.7293249501761169,0.7293249501761169,39
PA,claims,0,-0.7277860427110411,0.7277860427110411,39
OK,payroll,0,0.7258777731495086,0.7258777731495086,39
NV,claims,0,-0.7243586922894991,0.7243586922894991,39
AL,claims,0,-0.7162137597143059,0.7162137597143059,39
OR,claims,0,-0.7155717015121443,0.7155717015121443,39
TX,payroll,0,0.7151956588395108,0.7151956588395108,39
NY,claims,0,-0.7122634724998249,0.7122634724998249,39
CA,payroll,0,0.7113096543462923,0.7113096543462923,39
MD,coincident,0,0.7054016710325758,0.7054016710325758,39
WV,payroll,0,0.7036491360963284,0.7036491360963284,39
WA,payroll,0,0.7026983623929159,0.7026983623929159,39
NC,claims,0,-0.6982850036792986,0.6982850036792986,39
MD,claims,0,-0.6979778067013996,0.6979778067013996,39
IL,claims,0,-0.6971541710701945,0.6971541710701945,39
FL,claims,0,-0.6953074281431632,0.6953074281431632,39
WY,coincident,0,0.6905762331672394,0.6905762331672394,39
MS,claims,1,0.6901461637367448,0.6901461637367448,39
NE,payroll,0,0.687598788971254,0.687598788971254,39
ID,payroll,0,0.6871584394915405,0.6871584394915405,39
TX,claims,0,-0.6860165123479873,0.6860165123479873,39
DE,coincident,0,0.6847561710373353,0.6847561710373353,39
IA,coincident,0,0.6843359447811319,0.6843359447811319,39
DE,payroll,0,0.68193301094277,0.68193301094277,39
SC,claims,0,-0.6801523151779675,0.6801523151779675,39
SD,payroll,0,0.6790981830377754,0.6790981830377754,39
NM,claims,0,-0.6786158517866002,0.6786158517866002,39
CA,claims,0,-0.6750874179142909,0.6750874179142909,39
GA,claims,0,-0.6741613156015591,0.6741613156015591,39
AL,claims,1,0.6741033761987175,0.6741033761987175,39
IA,payroll,0,0.6709665261123102,0.6709665261123102,39
NM,coincident,0,0.6692652427971455,0.6692652427971455,39
MA,claims,0,-0.6688615969420174,0.6688615969420174,39
AZ,payroll,0,0.6683649432437154,0.6683649432437154,39
SD,coincident,0,0.6679421559076161,0.6679421559076161,39
TN,claims,0,-0.662339252902221,0.662339252902221,39
UT,claims,0,-0.6490055440520889,0.6490055440520889,39
KY,claims,0,-0.6484991481043951,0.6484991481043951,39
OK,claims,0,-0.646138126092663,0.646138126092663,39
AL,payroll,1,-0.6429691416806719,0.6429691416806719,39
WA,payroll,1,-0.6419100483234308,0.6419100483234308,39
DC,payroll,0,0.6399471967660669,0.6399471967660669,39
AR,claims,1,0.6313811727094711,0.6313811727094711,39
ND,coincident,0,0.6297411078944296,0.6297411078944296,39
AZ,claims,0,-0.6281579082214643,0.6281579082214643,39
KS,claims,0,-0.6253532769828704,0.6253532769828704,39
AR,coincident,0,0.624581209576383,0.624581209576383,39
AR,coincident,1,-0.6218983414756194,0.6218983414756194,39
FL,claims,1,0.6192059297564597,0.6192059297564597,39
KY,payroll,1,-0.6187194236463012,0.6187194236463012,39
IN,claims,0,-0.6136838611170758,0.6136838611170758,39
AR,payroll,0,0.6114392195074774,0.6114392195074774,39
WA,claims,0,-0.608786440793783,0.608786440793783,39
MS,claims,0,-0.6085550205937805,0.6085550205937805,39
IN,claims,1,0.6071955848470619,0.6071955848470619,39
OH,claims,0,-0.6044577597262935,0.6044577597262935,39
MS,payroll,1,-0.6044174313374145,0.6044174313374145,39
AR,payroll,1,-0.6039416910557227,0.6039416910557227,39
VT,claims,0,-0.6032173856848496,0.6032173856848496,39
AR,claims,0,-0.5963086914748018,0.5963086914748018,39
WV,claims,0,-0.5930510860385372,0.5930510860385372,39
MI,claims,0,-0.590333836097752,0.590333836097752,39
AZ,claims,1,0.5877863722310324,0.5877863722310324,39
CA,payroll,1,-0.5848312112730826,0.5848312112730826,39
MI,payroll,1,-0.584464022766524,0.584464022766524,39
RI,claims,0,-0.5805782294551641,0.5805782294551641,39
NE,claims,0,-0.579025761109664,0.579025761109664,39
ID,coincident,1,-0.5771767774463562,0.5771767774463562,39
NC,coincident,1,-0.5756485654115103,0.5756485654115103,39
DC,claims,0,-0.5743079044740323,0.5743079044740323,39
WI,payroll,1,-0.573976932602526,0.573976932602526,39
AZ,payroll,1,-0.5699856895731982,0.5699856895731982,39
OH,payroll,1,-0.5694893858248422,0.5694893858248422,39
WI,coincident,1,-0.5626402922316797,0.5626402922316797,39
SC,claims,1,0.5622413723420422,0.5622413723420422,39
MT,coincident,1,-0.561916679173023,0.561916679173023,39
NC,payroll,1,-0.5607012910179775,0.5607012910179775,39
MI,coincident,1,-0.559196486128533,0.559196486128533,39
ID,payroll,1,-0.5575292574657992,0.5575292574657992,39
MI,claims,1,0.5539745651145624,0.5539745651145624,39
MS,coincident,1,-0.5536054987209158,0.5536054987209158,39
TN,payroll,1,-0.5515768230553539,0.5515768230553539,39
IN,payroll,1,-0.5481186821986931,0.5481186821986931,39
SC,coincident,1,-0.5455915191353798,0.5455915191353798,39
DE,claims,0,-0.5436678500556696,0.5436678500556696,39
PA,payroll,1,-0.5424495128771368,0.5424495128771368,39
PA,coincident,1,-0.5416290698205615,0.5416290698205615,39
WI,claims,0,-0.5396461940255775,0.5396461940255775,39
MO,payroll,1,-0.5393406510637845,0.5393406510637845,39
NJ,payroll,1,-0.5380953067627339,0.5380953067627339,39
SC,payroll,1,-0.5323536049268816,0.5323536049268816,39
MT,coincident,0,0.5307598663339506,0.5307598663339506,39
NH,claims,2,0.5276338223154934,0.5276338223154934,38
TN,coincident,1,-0.5226451643789698,0.5226451643789698,39
MO,coincident,1,-0.5199755822334408,0.5199755822334408,39
MD,coincident,1,-0.5165533950897072,0.5165533950897072,39
VA,payroll,1,-0.516108709218315,0.516108709218315,39
VT,payroll,1,-0.5143106647347153,0.5143106647347153,39
OH,coincident,1,-0.5124604676547654,0.5124604676547654,39
AL,coincident,1,-0.5072346124825646,0.5072346124825646,39
RI,coincident,1,-0.505364917756741,0.505364917756741,39
VT,coincident,1,-0.5044111509178293,0.5044111509178293,39
IA,payroll,1,-0.5043622366162605,0.5043622366162605,39
MN,claims,0,-0.5040258183777777,0.5040258183777777,39
IN,coincident,1,-0.5005512783917115,0.5005512783917115,39
NJ,coincident,1,-0.5002547563639478,0.5002547563639478,39
TN,claims,1,0.5000056170668361,0.5000056170668361,39
ME,claims,0,-0.4999593489090791,0.4999593489090791,39
GA,payroll,1,-0.49963413281542307,0.49963413281542307,39
CA,claims,1,0.49852719916782756,0.49852719916782756,39
NV,payroll,1,-0.4922554619222308,0.4922554619222308,39
MD,payroll,1,-0.4903929228891198,0.4903929228891198,39
NY,coincident,1,-0.48873389156485075,0.48873389156485075,39
MN,payroll,1,-0.4883794655890476,0.4883794655890476,39
AZ,coincident,1,-0.4880122050714869,0.4880122050714869,39
WV,claims,1,0.4879776453627053,0.4879776453627053,39
IL,payroll,1,-0.48731213669354473,0.48731213669354473,39
ME,payroll,1,-0.48448159545607955,0.48448159545607955,39
TX,claims,1,0.4838124830978391,0.4838124830978391,39
GA,coincident,1,-0.48026801869655233,0.48026801869655233,39
RI,payroll,1,-0.48009098321585264,0.48009098321585264,39
ME,coincident,1,-0.47860817987546067,0.47860817987546067,39
WV,payroll,1,-0.4708378754780752,0.4708378754780752,39
CO,payroll,1,-0.4702039363953058,0.4702039363953058,39
MA,payroll,1,-0.470185883353099,0.470185883353099,39
FL,payroll,1,-0.46957458633418286,0.46957458633418286,39
CA,coincident,1,-0.46902787599246176,0.46902787599246176,39
FL,coincident,1,-0.46711783243137045,0.46711783243137045,39
NY,payroll,1,-0.4630609969277673,0.4630609969277673,39
CO,coincident,1,-0.4573461583074558,0.4573461583074558,39
NH,coincident,1,-0.4539836364852476,0.4539836364852476,39
IA,coincident,1,-0.45043863114782484,0.45043863114782484,39
VA,coincident,1,-0.4502351624212458,0.4502351624212458,39
KS,coincident,1,-0.4475940783034862,0.4475940783034862,39
OR,payroll,1,-0.44541301081409074,0.44541301081409074,39
SD,payroll,1,-0.44297814493953835,0.44297814493953835,39
CO,claims,1,0.44281389635403023,0.44281389635403023,39
SD,coincident,1,-0.44049179497545027,0.44049179497545027,39
OK,coincident,1,-0.4386290953005435,0.4386290953005435,39
MA,coincident,1,-0.4369998393777683,0.4369998393777683,39
IA,claims,3,0.43348664544658644,0.43348664544658644,37
NH,claims,0,-0.4331623408212445,0.4331623408212445,39
MT,payroll,1,-0.43288147742973254,0.43288147742973254,39
NH,payroll,1,-0.4298561163148249,0.4298561163148249,39
MN,coincident,1,-0.42849844708747925,0.42849844708747925,39
NE,payroll,1,-0.4273077153381855,0.4273077153381855,39
TX,payroll,1,-0.4252650755513445,0.4252650755513445,39
OR,coincident,1,-0.41862512495996224,0.41862512495996224,39
MD,claims,1,0.417543319685924,0.417543319685924,39
ID,claims,0,-0.4153622267378043,0.4153622267378043,39
IA,claims,0,-0.40907463883737294,0.40907463883737294,39
KS,payroll,1,-0.40770002530530836,0.40770002530530836,39
KY,claims,1,0.4043764134225632,0.4043764134225632,39
UT,claims,3,0.4026006842881326,0.4026006842881326,37
NC,claims,2,0.4024608313035207,0.4024608313035207,38
WY,claims,0,-0.40239835398578916,0.40239835398578916,39
WA,coincident,1,-0.4018811113160285,0.4018811113160285,39
NJ,claims,1,0.3977875228472879,0.3977875228472879,39
GA,claims,2,0.3973078790689944,0.3973078790689944,38
OK,claims,1,0.3963838417407353,0.3963838417407353,39
DC,payroll,1,-0.392911856628056,0.392911856628056,39
VA,claims,1,0.37880065195063095,0.37880065195063095,39
MN,claims,3,0.3782307200289139,0.3782307200289139,37
WV,coincident,1,-0.377133518026023,0.377133518026023,39
OH,claims,2,0.37551003117814885,0.37551003117814885,38
MO,claims,1,0.3746188602371891,0.3746188602371891,39
ND,national_activity,0,0.37337980092056255,0.37337980092056255,39
TX,coincident,1,-0.37238261175473986,0.37238261175473986,39
IL,claims,1,0.3698025937803224,0.3698025937803224,39
PA,claims,1,0.3658025814753402,0.3658025814753402,39
IL,coincident,1,-0.36523125359855163,0.36523125359855163,39
DE,payroll,1,-0.3649704630569631,0.3649704630569631,39
NM,payroll,1,-0.36160260223660906,0.36160260223660906,39
DE,coincident,1,-0.36013156283564113,0.36013156283564113,39
LA,payroll,1,-0.3589617111206367,0.3589617111206367,39
NM,national_activity,0,0.3525510515929653,0.3525510515929653,39
NY,claims,1,0.3483864154320106,0.3483864154320106,39
UT,coincident,1,-0.3367664871950326,0.3367664871950326,39
RI,claims,2,0.33096673198898496,0.33096673198898496,38
NE,claims,2,0.3287559305337992,0.3287559305337992,38
DE,national_activity,2,0.32583931000275923,0.32583931000275923,38
SD,claims,0,-0.3198241085936221,0.3198241085936221,39
DE,national_activity,0,0.31931200115074776,0.31931200115074776,39
SD,claims,1,0.3178351678716947,0.3178351678716947,39
VT,claims,1,0.3154004346048478,0.3154004346048478,39
UT,payroll,1,-0.3114467489121992,0.3114467489121992,39
MD,claims,3,0.3086475081444639,0.3086475081444639,37
OR,claims,1,0.3081777550410557,0.3081777550410557,39
LA,coincident,1,-0.30556009135826573,0.30556009135826573,39
DC,payroll,4,-0.305231358095542,0.305231358095542,36
WA,claims,1,0.3042227825790383,0.3042227825790383,39
WY,national_activity,0,0.30317568373121256,0.30317568373121256,39
MO,claims,2,0.2988074947447339,0.2988074947447339,38
NH,payroll,4,-0.2974603153804625,0.2974603153804625,36
DC,claims,2,0.29582199165717976,0.29582199165717976,38
IA,payroll,3,-0.2949922030423211,0.2949922030423211,37
MT,claims,0,-0.2943897167168601,0.2943897167168601,39
OK,payroll,1,-0.2932615729411971,0.2932615729411971,39
IL,claims,3,0.2895780021727324,0.2895780021727324,37
ND,claims,0,-0.2886028825726975,0.2886028825726975,39
WY,claims,3,0.2885261475179977,0.2885261475179977,37
WI,claims,3,0.2882647907226059,0.2882647907226059,37
ID,claims,1,0.2833295119308493,0.2833295119308493,39
ID,claims,3,0.2763802171792365,0.2763802171792365,37
UT,national_activity,1,-0.2762843915515847,0.2762843915515847,39
WY,coincident,2,0.27519659671030505,0.27519659671030505,38
NH,coincident,4,-0.2721419597969383,0.2721419597969383,36
OH,claims,3,0.2711404131254489,0.2711404131254489,37
OR,national_activity,1,-0.2685874035719832,0.2685874035719832,39
ME,claims,3,0.26337062652163934,0.26337062652163934,37
AR,coincident,4,-0.26217273807388275,0.26217273807388275,36
KS,coincident,3,0.26082522171358014,0.26082522171358014,37
DE,claims,1,0.2588930112595572,0.2588930112595572,39
TN,claims,2,0.2585259935491257,0.2585259935491257,38
IA,coincident,3,-0.25603024348793607,0.25603024348793607,37
MA,claims,2,0.25417608468023395,0.25417608468023395,38
LA,claims,4,0.2502256971033502,0.2502256971033502,36
NH,coincident,3,0.24831866320047669,0.24831866320047669,37
MN,payroll,4,-0.24784052257603886,0.24784052257603886,36
NM,national_activity,2,0.24720055007875175,0.24720055007875175,38
OR,claims,3,0.24595288595078488,0.24595288595078488,37
NM,coincident,1,-0.24526420226262674,0.24526420226262674,39
IA,claims,4,0.24466377995416072,0.24466377995416072,36
MD,coincident,3,-0.2436484715619171,0.2436484715619171,37
MT,claims,3,0.24288346366892097,0.24288346366892097,37
AZ,claims,2,0.24284043778211442,0.24284043778211442,38
KS,payroll,3,0.24171074862400654,0.24171074862400654,37
DE,national_activity,3,0.24031732146868856,0.24031732146868856,37
GA,national_activity,1,-0.23884334612051936,0.23884334612051936,39
CA,national_activity,1,-0.23747652210484413,0.23747652210484413,39
MT,claims,1,0.2339202886502037,0.2339202886502037,39
NV,claims,2,0.2327843412677342,0.2327843412677342,38
TX,national_activity,0,0.23173126573105926,0.23173126573105926,39
NE,claims,3,0.22973556604854514,0.22973556604854514,37
MN,claims,4,0.22935078036901901,0.22935078036901901,36
NH,payroll,3,0.22902584264875528,0.22902584264875528,37
NM,national_activity,3,0.2288936704971159,0.2288936704971159,37
ND,national_activity,1,0.2269632892322735,0.2269632892322735,39
AR,payroll,4,-0.22595651413810033,0.22595651413810033,36
UT,payroll,3,-0.22585792982033484,0.22585792982033484,37
NM,national_activity,4,0.2258548522717432,0.2258548522717432,36
LA,coincident,4,-0.2254819374329176,0.2254819374329176,36
IA,payroll,4,-0.22522677226429855,0.22522677226429855,36
NE,coincident,2,-0.22237134807621234,0.22237134807621234,38
RI,payroll,4,-0.22165789713337866,0.22165789713337866,36
AR,claims,3,0.22125126360946767,0.22125126360946767,37
DC,claims,4,0.22033796048393872,0.22033796048393872,36
ND,national_activity,2,0.2202595283949747,0.2202595283949747,38
MD,payroll,3,-0.2198989594709718,0.2198989594709718,37
DE,national_activity,4,0.21877720816615398,0.21877720816615398,36
MN,coincident,4,-0.21811251868233147,0.21811251868233147,36
LA,claims,2,0.21711726173695195,0.21711726173695195,38
VA,claims,2,0.21492835959214843,0.21492835959214843,38
KY,claims,2,0.21405841143884227,0.21405841143884227,38
ND,claims,3,0.2136671866665987,0.2136671866665987,37
VT,claims,3,0.21349945522931016,0.21349945522931016,37
DC,payroll,2,-0.21221696825277794,0.21221696825277794,38
NV,claims,1,0.2113839955814548,0.2113839955814548,39
KS,claims,1,0.21113973463458288,0.21113973463458288,39
WY,claims,2,-0.21046742093857515,0.21046742093857515,38
NM,claims,1,0.20961613141191018,0.20961613141191018,39
AZ,payroll,2,-0.20860570132186013,0.20860570132186013,38
KS,national_activity,1,-0.20699944483551627,0.20699944483551627,39
IA,coincident,4,-0.2062777556509926,0.2062777556509926,36
NH,payroll,2,-0.20530846362697663,0.20530846362697663,38
LA,claims,3,0.20377111013337937,0.20377111013337937,37
NC,claims,1,0.20360373822223704,0.20360373822223704,39
RI,coincident,4,-0.20311043826563843,0.20311043826563843,36
MA,national_activity,1,-0.20280345780787032,0.20280345780787032,39
KS,payroll,4,-0.2007713618716646,0.2007713618716646,36
MA,claims,3,0.2005453524227742,0.2005453524227742,37
ME,claims,2,0.19714893836744998,0.19714893836744998,38
AR,claims,4,0.19658321697713108,0.19658321697713108,36
WA,national_activity,1,-0.19614958992898068,0.19614958992898068,39
NV,claims,4,0.19580356891688547,0.19580356891688547,36
TN,claims,3,0.19559064464782344,0.19559064464782344,37
SD,claims,3,0.195428598277715,0.195428598277715,37
UT,coincident,3,-0.19533811344608754,0.19533811344608754,37
MO,payroll,2,-0.19454574475240843,0.19454574475240843,38
WY,payroll,2,0.19323916304325597,0.19323916304325597,38
NH,national_activity,1,-0.1931539724557652,0.1931539724557652,39
OK,national_activity,0,0.19297713025247526,0.19297713025247526,39
PA,claims,2,0.1910442142100378,0.1910442142100378,38
WA,claims,4,0.1900072313560615,0.1900072313560615,36
NV,national_activity,1,-0.18992300084840336,0.18992300084840336,39
TN,payroll,3,-0.1899132015133703,0.1899132015133703,37
ND,national_activity,4,0.18987211683275487,0.18987211683275487,36
LA,payroll,4,-0.18912722236325402,0.18912722236325402,36
WA,claims,3,0.18868583771820643,0.18868583771820643,37
TN,national_activity,1,-0.18822609010005742,0.18822609010005742,39
DC,national_activity,1,-0.18732345010957777,0.18732345010957777,39
OR,coincident,3,-0.18721805973075728,0.18721805973075728,37
WI,claims,2,0.1871479984353823,0.1871479984353823,38
WY,national_activity,4,0.1870958544119581,0.1870958544119581,36
FL,claims,4,0.18533734424009526,0.18533734424009526,36
VA,claims,3,0.18009179901946692,0.18009179901946692,37
FL,payroll,4,-0.1800443488823789,0.1800443488823789,36
MI,national_activity,1,-0.17999706324919484,0.17999706324919484,39
SD,claims,4,0.17950599974086748,0.17950599974086748,36
MT,national_activity,3,0.17692444413086264,0.17692444413086264,37
IN,national_activity,1,-0.1757943551897817,0.1757943551897817,39
RI,payroll,3,0.17400012996626885,0.17400012996626885,37
CA,claims,3,0.1739838635540394,0.1739838635540394,37
UT,claims,2,0.17313488281568626,0.17313488281568626,38
KS,coincident,4,-0.17246637399657874,0.17246637399657874,36
IA,national_activity,1,-0.17192286975157,0.17192286975157,39
TX,national_activity,4,0.17044421595897638,0.17044421595897638,36
WI,payroll,3,0.16937599532442293,0.16937599532442293,37
DE,national_activity,1,0.1681890643948954,0.1681890643948954,39
WA,coincident,4,-0.1680691122750319,0.1680691122750319,36
CO,claims,3,0.16536433866096767,0.16536433866096767,37
CO,national_activity,1,-0.16489646335045408,0.16489646335045408,39
LA,payroll,3,-0.1646308189248476,0.1646308189248476,37
OH,payroll,2,-0.16441504285281244,0.16441504285281244,38
UT,national_activity,2,-0.16418672979057186,0.16418672979057186,38
OR,payroll,3,-0.16416252352407165,0.16416252352407165,37
ND,national_activity,3,0.16393733730024798,0.16393733730024798,37
UT,claims,1,0.16364761168460581,0.16364761168460581,39
MS,payroll,3,-0.16292675102904347,0.16292675102904347,37
WI,coincident,3,0.1627381691073445,0.1627381691073445,37
MT,national_activity,2,0.162542803649749,0.162542803649749,38
MS,national_activity,4,0.16252991580534146,0.16252991580534146,36
MA,claims,4,0.16204512845210006,0.16204512845210006,36
OK,national_activity,4,0.1619640694472419,0.1619640694472419,36
ND,coincident,3,-0.15944711882906162,0.15944711882906162,37
NY,national_activity,1,-0.15936380437303369,0.15936380437303369,39
CA,claims,2,0.15891689338710097,0.15891689338710097,38
FL,national_activity,1,-0.15882115835590216,0.15882115835590216,39
TX,national_activity,3,0.15840765589462039,0.15840765589462039,37
NY,claims,2,0.15839594650255093,0.15839594650255093,38
OH,national_activity,1,-0.15818019606930822,0.15818019606930822,39
MT,national_activity,0,0.1572993854624023,0.1572993854624023,39
NE,claims,4,0.1568842119880658,0.1568842119880658,36
ND,payroll,2,0.15684533270968376,0.15684533270968376,38
KY,coincident,1,-0.15647456128263518,0.15647456128263518,39
NM,national_activity,1,0.15546926477619963,0.15546926477619963,39
MD,national_activity,1,-0.15526405057331816,0.15526405057331816,39
WI,payroll,2,-0.1548076853350234,0.1548076853350234,38
OK,national_activity,3,0.15356273697687833,0.15356273697687833,37
UT,national_activity,3,-0.15314060265944876,0.15314060265944876,37
LA,national_activity,0,0.15260629554836155,0.15260629554836155,39
IL,national_activity,1,-0.1520930565612682,0.1520930565612682,39
WY,national_activity,2,0.151629502958353,0.151629502958353,38
PA,national_activity,1,-0.1512683696044402,0.1512683696044402,39
MA,payroll,2,-0.15125877955272637,0.15125877955272637,38
OR,national_activity,2,-0.15113358204267463,0.15113358204267463,38
RI,coincident,3,0.15062082834504192,0.15062082834504192,37
FL,coincident,4,-0.15045664258793864,0.15045664258793864,36
MI,claims,2,0.14923765477049772,0.14923765477049772,38
NV,payroll,4,-0.14900824877087027,0.14900824877087027,36
NJ,claims,2,0.1480159060499442,0.1480159060499442,38
ME,national_activity,1,-0.14796909607122574,0.14796909607122574,39
MO,claims,3,0.14704399766623025,0.14704399766623025,37
AZ,coincident,2,-0.14637259573042605,0.14637259573042605,38
MS,claims,3,0.14555522417153152,0.14555522417153152,37
MT,national_activity,4,0.1451148647572294,0.1451148647572294,36
IN,claims,3,0.144598280615224,0.144598280615224,37
WY,national_activity,3,0.1444985504903525,0.1444985504903525,37
MO,coincident,4,-0.14448744382580464,0.14448744382580464,36
ME,payroll,2,-0.14388598669124686,0.14388598669124686,38
ME,claims,1,0.14388496898251826,0.14388496898251826,39
KS,claims,4,0.14327411284548935,0.14327411284548935,36
SD,payroll,4,-0.14306540279383637,0.14306540279383637,36
SD,national_activity,1,-0.1418964086557876,0.1418964086557876,39
LA,coincident,3,-0.14183462645607317,0.14183462645607317,37
WY,national_activity,1,0.14111425517392173,0.14111425517392173,39
MN,national_activity,1,-0.14082072485720806,0.14082072485720806,39
AZ,national_activity,1,-0.14072051184031645,0.14072051184031645,39
CA,payroll,2,-0.14059767943619325,0.14059767943619325,38
CA,payroll,3,-0.14055955486466015,0.14055955486466015,37
NJ,claims,3,0.1395426160232115,0.1395426160232115,37
KY,national_activity,1,-0.13913006707221648,0.13913006707221648,39
NV,coincident,3,0.13844797102435127,0.13844797102435127,37
WV,national_activity,0,0.13829228649656736,0.13829228649656736,39
WV,claims,3,0.13827395030264206,0.13827395030264206,37
AR,coincident,3,-0.13818339284918313,0.13818339284918313,37
NE,payroll,4,-0.13810241637662002,0.13810241637662002,36
NJ,national_activity,1,-0.1378184233799901,0.1378184233799901,39
DC,claims,1,0.13731287524657812,0.13731287524657812,39
CA,coincident,2,-0.13711600610912997,0.13711600610912997,38
TX,national_activity,2,0.1369599207296488,0.1369599207296488,38
AR,national_activity,4,0.13678099539004052,0.13678099539004052,36
KS,claims,3,-0.1363649806283915,0.1363649806283915,37
MS,coincident,3,-0.13636213739968897,0.13636213739968897,37
NH,claims,4,0.13584737050367723,0.13584737050367723,36
NE,national_activity,1,-0.13558690309163152,0.13558690309163152,39
IL,claims,4,0.13521904588799696,0.13521904588799696,36
WY,payroll,3,-0.13507325395990602,0.13507325395990602,37
MA,payroll,4,-0.13506569988743675,0.13506569988743675,36
ID,national_activity,1,-0.134093509005889,0.134093509005889,39
MS,national_activity,3,0.1337778488735283,0.1337778488735283,37
WA,payroll,4,-0.13340442178066414,0.13340442178066414,36
IA,claims,1,0.1330814443001464,0.1330814443001464,39
WI,national_activity,1,-0.13266341478063062,0.13266341478063062,39
UT,payroll,2,-0.1324355708737615,0.1324355708737615,38
RI,payroll,2,-0.13217249926501523,0.13217249926501523,38
SD,payroll,2,-0.1320896897052885,0.1320896897052885,38
RI,claims,4,0.13196921517533602,0.13196921517533602,36
IL,coincident,4,-0.13165583816919155,0.13165583816919155,36
OR,claims,2,0.1315193035118179,0.1315193035118179,38
ND,coincident,1,-0.12942682437208256,0.12942682437208256,39
IL,payroll,4,-0.12936242605802353,0.12936242605802353,36
IN,claims,4,0.12933751138095106,0.12933751138095106,36
UT,coincident,2,-0.1289352773140554,0.1289352773140554,38
OR,national_activity,3,-0.12865291560464243,0.12865291560464243,37
MT,claims,4,0.1280001391122151,0.1280001391122151,36
KS,claims,2,0.12791881800362634,0.12791881800362634,38
RI,claims,3,0.12788523100165172,0.12788523100165172,37
TN,coincident,3,-0.12749392419207795,0.12749392419207795,37
CA,coincident,3,-0.12688785790754875,0.12688785790754875,37
NE,coincident,4,-0.12535130322826465,0.12535130322826465,36
ID,payroll,2,-0.12519921745955576,0.12519921745955576,38
MI,payroll,2,-0.12499097642954468,0.12499097642954468,38
PA,claims,3,0.12488813163455822,0.12488813163455822,37
WI,payroll,4,-0.12398969975267268,0.12398969975267268,36
NY,payroll,2,-0.12360784606296146,0.12360784606296146,38
IL,coincident,3,-0.1231648159996104,0.1231648159996104,37
IL,payroll,3,-0.1224077390212906,0.1224077390212906,37
DE,claims,3,0.12142479772120193,0.12142479772120193,37
VA,national_activity,1,-0.12140529638305539,0.12140529638305539,39
CA,payroll,4,-0.12040730990637642,0.12040730990637642,36
PA,payroll,2,-0.12035723587478393,0.12035723587478393,38
IN,claims,2,0.1196539425731409,0.1196539425731409,38
VT,national_activity,0,0.11953415987945687,0.11953415987945687,39
NE,coincident,1,-0.11952775864205041,0.11952775864205041,39
MS,national_activity,2,0.11872450218293433,0.11872450218293433,38
NM,coincident,4,0.1186988508583914,0.1186988508583914,36
RI,national_activity,1,-0.11793443015595685,0.11793443015595685,39
OK,national_activity,2,0.11711916332858957,0.11711916332858957,38
MO,coincident,2,-0.11676443988179011,0.11676443988179011,38
MS,national_activity,0,0.11627733258791101,0.11627733258791101,39
CO,payroll,3,-0.11578885251523859,0.11578885251523859,37
WV,national_activity,2,0.11561099366917352,0.11561099366917352,38
UT,claims,4,0.11510479614323411,0.11510479614323411,36
ME,claims,4,0.11443773056661423,0.11443773056661423,36
NY,payroll,4,-0.11264046991179656,0.11264046991179656,36
CA,coincident,4,-0.11258494139313913,0.11258494139313913,36
UT,national_activity,4,-0.11216079972970175,0.11216079972970175,36
AL,claims,3,0.11070360011760025,0.11070360011760025,37
AL,national_activity,1,-0.11035522218965446,0.11035522218965446,39
NE,payroll,2,-0.10988145698658583,0.10988145698658583,38
MD,claims,2,0.10946171919010018,0.10946171919010018,38
NY,claims,4,0.1083038027232943,0.1083038027232943,36
TX,claims,3,0.10823157494493318,0.10823157494493318,37
CA,claims,4,0.10801324425622796,0.10801324425622796,36
TX,claims,2,0.10740955861603543,0.10740955861603543,38
AL,coincident,3,-0.10734569870605255,0.10734569870605255,37
ME,coincident,2,-0.10727546231537406,0.10727546231537406,38
SD,coincident,4,-0.10673575366287619,0.10673575366287619,36
DC,national_activity,4,-0.10627144834030465,0.10627144834030465,36
CO,coincident,3,-0.10604593546271422,0.10604593546271422,37
NE,claims,1,0.10584287383489879,0.10584287383489879,39
NM,claims,2,0.10500082058593628,0.10500082058593628,38
KS,payroll,2,-0.10495762237685993,0.10495762237685993,38
NC,national_activity,0,0.10490628982802819,0.10490628982802819,39
LA,claims,1,0.10474794945074668,0.10474794945074668,39
WI,coincident,2,-0.1041348547094462,0.1041348547094462,38
MA,coincident,4,-0.10394606366428563,0.10394606366428563,36
NY,coincident,4,-0.10392288563835267,0.10392288563835267,36
MO,national_activity,1,-0.10375401474073988,0.10375401474073988,39
SC,national_activity,1,-0.10367833793876725,0.10367833793876725,39
AR,national_activity,3,0.10330485031227062,0.10330485031227062,37
AR,national_activity,2,0.10304167304376537,0.10304167304376537,38
MS,claims,2,0.10240583417824893,0.10240583417824893,38
WA,payroll,3,-0.10220408879072279,0.10220408879072279,37
SC,payroll,4,-0.10170866431390393,0.10170866431390393,36
UT,national_activity,0,-0.1014156130570438,0.1014156130570438,39
OH,coincident,4,-0.10098279942084903,0.10098279942084903,36
SD,coincident,2,-0.10089766196129828,0.10089766196129828,38
NM,claims,3,0.10086477648646545,0.10086477648646545,37
AL,payroll,3,-0.10042931017146621,0.10042931017146621,37
WV,national_activity,3,0.10028337033993685,0.10028337033993685,37
IN,payroll,2,-0.09989045349757555,0.09989045349757555,38
ME,coincident,4,-0.09972511209479436,0.09972511209479436,36
WY,claims,4,0.09845960089938909,0.09845960089938909,36
SC,coincident,4,-0.09813104571659739,0.09813104571659739,36
MS,claims,4,-0.09752204046134466,0.09752204046134466,36
VA,coincident,3,-0.09723347464239622,0.09723347464239622,37
TX,coincident,2,-0.0970139193813074,0.0970139193813074,38
WI,coincident,4,-0.09700305363527868,0.09700305363527868,36
KS,national_activity,4,-0.09684095337166895,0.09684095337166895,36
OH,coincident,2,-0.09682995249692666,0.09682995249692666,38
OR,national_activity,4,-0.09648747194089499,0.09648747194089499,36
OR,claims,4,0.09647458764156717,0.09647458764156717,36
MI,claims,4,0.0961706001214449,0.0961706001214449,36
IA,national_activity,4,0.09582835299711993,0.09582835299711993,36
MO,national_activity,3,0.09542383218780903,0.09542383218780903,37
SD,national_activity,4,0.09534588831889199,0.09534588831889199,36
IN,coincident,4,-0.0950481722909687,0.0950481722909687,36
MN,payroll,2,-0.09443245633293343,0.09443245633293343,38
MO,payroll,4,-0.09379320684247047,0.09379320684247047,36
NC,national_activity,1,-0.09378498019322598,0.09378498019322598,39
SC,claims,2,0.09371073091250634,0.09371073091250634,38
MO,national_activity,0,0.0935041084491132,0.0935041084491132,39
MI,claims,3,0.09302090973168359,0.09302090973168359,37
NH,coincident,2,-0.09291212534328508,0.09291212534328508,38
AR,national_activity,0,0.09230232934522474,0.09230232934522474,39
KY,claims,3,0.09228024056837238,0.09228024056837238,37
OK,coincident,4,-0.09210813429175965,0.09210813429175965,36
GA,national_activity,3,-0.09202394645513788,0.09202394645513788,37
VT,national_activity,1,-0.09156268747333474,0.09156268747333474,39
MT,payroll,2,-0.09113981158973529,0.09113981158973529,38
PA,coincident,2,-0.09037074843643235,0.09037074843643235,38
WV,national_activity,4,0.08952361418035694,0.08952361418035694,36
WA,payroll,2,0.08809398301539341,0.08809398301539341,38
MA,coincident,2,-0.08741312166484312,0.08741312166484312,38
VA,coincident,4,-0.0870843555516758,0.0870843555516758,36
IN,payroll,4,-0.08698388991850975,0.08698388991850975,36
ND,claims,1,0.08665480127725207,0.08665480127725207,39
MA,claims,1,0.08651273583032734,0.08651273583032734,39
WY,coincident,3,-0.0860596420116359,0.0860596420116359,37
VA,national_activity,0,0.08577331199335346,0.08577331199335346,39
MD,coincident,4,0.08509432337139922,0.08509432337139922,36
GA,claims,3,0.08483036329686314,0.08483036329686314,37
SC,national_activity,3,0.08472320907601069,0.08472320907601069,37
DC,national_activity,2,-0.08437264594624501,0.08437264594624501,38
AL,national_activity,2,0.08379508321719495,0.08379508321719495,38
AL,national_activity,4,0.08295365262153052,0.08295365262153052,36
GA,claims,4,0.08112599783031646,0.08112599783031646,36
GA,national_activity,4,-0.08111210940327608,0.08111210940327608,36
OH,claims,1,0.08076791635103876,0.08076791635103876,39
MD,claims,4,-0.08070269064889891,0.08070269064889891,36
AL,national_activity,0,0.08058203728098559,0.08058203728098559,39
OK,payroll,2,0.0797048090861722,0.0797048090861722,38
DC,payroll,3,0.0796694737280628,0.0796694737280628,37
GA,national_activity,2,-0.07964434160496774,0.07964434160496774,38
NY,coincident,2,-0.07913017837590784,0.07913017837590784,38
NC,claims,4,0.07825475035413525,0.07825475035413525,36
TN,payroll,2,-0.07821090982896078,0.07821090982896078,38
OR,coincident,4,-0.07818827335610183,0.07818827335610183,36
NJ,coincident,3,-0.07795500984651987,0.07795500984651987,37
GA,payroll,3,-0.07788289371080633,0.07788289371080633,37
SC,national_activity,0,0.07775194443991625,0.07775194443991625,39
NY,coincident,3,0.07645270443989267,0.07645270443989267,37
OR,payroll,2,-0.07614867019689606,0.07614867019689606,38
KY,coincident,3,-0.07614687588196545,0.07614687588196545,37
NJ,national_activity,0,0.07584588837076038,0.07584588837076038,39
VA,payroll,2,-0.07561388042275279,0.07561388042275279,38
AL,coincident,4,-0.07509831001574208,0.07509831001574208,36
CO,payroll,4,-0.07456865395759535,0.07456865395759535,36
NY,payroll,3,0.07442263765151531,0.07442263765151531,37
GA,coincident,3,-0.07377656198196808,0.07377656198196808,37
WA,coincident,2,-0.07366789698201628,0.07366789698201628,38
OH,payroll,4,-0.07337973609504264,0.07337973609504264,36
WV,payroll,4,0.07329405862242594,0.07329405862242594,36
SC,national_activity,2,0.07323496998067003,0.07323496998067003,38
CA,national_activity,2,-0.073194801014257,0.073194801014257,38
MI,payroll,4,-0.07317860533143138,0.07317860533143138,36
LA,payroll,2,0.07311684572878177,0.07311684572878177,38
NM,payroll,4,0.07243415534075347,0.07243415534075347,36
KY,payroll,3,-0.07237892822155925,0.07237892822155925,37
IA,coincident,2,0.07193840158808312,0.07193840158808312,38
OR,payroll,4,-0.07188424850229562,0.07188424850229562,36
NC,national_activity,2,0.07125352757097667,0.07125352757097667,38
AL,national_activity,3,0.07054758614750176,0.07054758614750176,37
NV,claims,3,0.07053303342576106,0.07053303342576106,37
SC,national_activity,4,0.07052933883257813,0.07052933883257813,36
WA,coincident,3,-0.07048399610241994,0.07048399610241994,37
CA,national_activity,3,-0.07033614025806902,0.07033614025806902,37
MS,national_activity,1,-0.06980788445229552,0.06980788445229552,39
VT,national_activity,3,0.06974526224886109,0.06974526224886109,37
NV,coincident,2,-0.06961129025941132,0.06961129025941132,38
AR,national_activity,1,-0.06932174956365812,0.06932174956365812,39
AZ,claims,3,-0.0691061649947728,0.0691061649947728,37
MI,coincident,3,0.06903581372933455,0.06903581372933455,37
RI,national_activity,0,0.06832371199685441,0.06832371199685441,39
OR,national_activity,0,-0.06809269507959725,0.06809269507959725,39
MI,payroll,3,0.06768918211546095,0.06768918211546095,37
WI,claims,4,0.06752860534538885,0.06752860534538885,36
CO,claims,4,0.06693232371293818,0.06693232371293818,36
WA,national_activity,3,-0.06629671535832798,0.06629671535832798,37
NJ,payroll,3,-0.0655335359181492,0.0655335359181492,37
ND,payroll,4,0.06550386062945719,0.06550386062945719,36
DC,national_activity,3,-0.06488122730251153,0.06488122730251153,37
VA,national_activity,4,0.06485165984793421,0.06485165984793421,36
ME,national_activity,4,0.06484499608109186,0.06484499608109186,36
SC,claims,4,0.06465483826286973,0.06465483826286973,36
MO,national_activity,2,0.06463805277679803,0.06463805277679803,38
TX,coincident,4,-0.06450571695600059,0.06450571695600059,36
VT,national_activity,2,0.06417280813945885,0.06417280813945885,38
WV,claims,4,-0.064111635370643,0.064111635370643,36
VA,payroll,4,-0.06352913886111497,0.06352913886111497,36
MO,national_activity,4,0.06338375345946934,0.06338375345946934,36
VA,coincident,2,-0.06261299344165167,0.06261299344165167,38
WA,national_activity,4,-0.0624844328241554,0.0624844328241554,36
MT,coincident,4,-0.06247001731928137,0.06247001731928137,36
VA,claims,4,0.06238616961335634,0.06238616961335634,36
PA,coincident,3,0.06180112669465646,0.06180112669465646,37
ME,national_activity,3,0.06168044897877124,0.06168044897877124,37
NC,coincident,4,-0.0611231821685184,0.0611231821685184,36
VT,national_activity,4,0.06077452639460073,0.06077452639460073,36
NC,national_activity,3,0.06072626516807307,0.06072626516807307,37
NV,coincident,4,-0.0607249097435579,0.0607249097435579,36
VA,payroll,3,-0.06038651812962709,0.06038651812962709,37
PA,coincident,4,-0.06023410103555083,0.06023410103555083,36
NC,national_activity,4,0.05974893572873849,0.05974893572873849,36
MI,coincident,4,-0.05974537753659589,0.05974537753659589,36
WI,national_activity,0,0.059693292571857126,0.059693292571857126,39
PA,payroll,3,0.05959455969426775,0.05959455969426775,37
WA,claims,2,0.05885234005098141,0.05885234005098141,38
LA,national_activity,4,0.05834607066183298,0.05834607066183298,36
AR,payroll,2,-0.05791644157958065,0.05791644157958065,38
NM,claims,4,-0.057701265374678554,0.057701265374678554,36
MO,claims,4,0.05761632136620022,0.05761632136620022,36
OK,payroll,3,0.05761617766518614,0.05761617766518614,37
MD,national_activity,4,0.05751686259929667,0.05751686259929667,36
MN,claims,1,-0.057420545399964974,0.057420545399964974,39
MN,national_activity,0,0.057406361761153456,0.057406361761153456,39
MA,coincident,3,0.057392232769935644,0.057392232769935644,37
DE,payroll,2,0.05731102671012822,0.05731102671012822,38
NH,claims,1,-0.05688391496388896,0.05688391496388896,39
VA,national_activity,3,0.05674671834330524,0.05674671834330524,37
PA,payroll,4,-0.05661919234417411,0.05661919234417411,36
WI,national_activity,3,0.05616367473123634,0.05616367473123634,37
NC,payroll,4,-0.05571678331309538,0.05571678331309538,36
MI,coincident,2,-0.05536754896731436,0.05536754896731436,38
MS,coincident,2,-0.05499685779776134,0.05499685779776134,38
KY,national_activity,0,0.05468173225597305,0.05468173225597305,39
NC,claims,3,0.05453849597166973,0.05453849597166973,37
KY,national_activity,2,0.054364737053533375,0.054364737053533375,38
IL,national_activity,0,0.05424686033179796,0.05424686033179796,39
CA,national_activity,4,-0.0540954131893428,0.0540954131893428,36
TX,payroll,3,-0.05314335625260551,0.05314335625260551,37
AL,payroll,2,0.05306697836505675,0.05306697836505675,38
OH,claims,4,0.05271523221136524,0.05271523221136524,36
FL,coincident,3,0.052561254257736056,0.052561254257736056,37
CO,coincident,4,-0.05223407917450078,0.05223407917450078,36
RI,national_activity,3,0.05221019719286083,0.05221019719286083,37
MA,national_activity,2,-0.05219297632237652,0.05219297632237652,38
FL,claims,3,0.05199433534327584,0.05199433534327584,37
ME,payroll,4,-0.05179956068955279,0.05179956068955279,36
WY,coincident,4,-0.051710328350848316,0.051710328350848316,36
AL,coincident,2,0.05141227161704895,0.05141227161704895,38
CO,national_activity,3,-0.05127255290231837,0.05127255290231837,37
NY,national_activity,4,-0.05081997844017091,0.05081997844017091,36
AZ,national_activity,0,0.050802497109050715,0.050802497109050715,39
MD,payroll,4,0.05055677787559506,0.05055677787559506,36
PA,national_activity,0,0.05045513006252778,0.05045513006252778,39
IA,payroll,2,-0.049964363588241134,0.049964363588241134,38
MT,coincident,3,-0.049320342810301065,0.049320342810301065,37
TN,payroll,4,0.049214258451730684,0.049214258451730684,36
KY,national_activity,4,0.04918934759640685,0.04918934759640685,36
MN,claims,2,0.049142154348526895,0.049142154348526895,38
NV,national_activity,4,-0.04900798494479519,0.04900798494479519,36
MT,payroll,3,-0.048472951051546545,0.048472951051546545,37
WV,coincident,3,-0.048437202130882824,0.048437202130882824,37
ME,national_activity,0,0.048132395037787164,0.048132395037787164,39
RI,coincident,2,-0.047764612209798586,0.047764612209798586,38
TX,coincident,3,-0.04731097833298857,0.04731097833298857,37
NV,national_activity,3,-0.04670916897889224,0.04670916897889224,37
WV,coincident,4,0.04664548093118802,0.04664548093118802,36
GA,payroll,4,-0.04540376008730093,0.04540376008730093,36
WV,national_activity,1,-0.045069388943831695,0.045069388943831695,39
NY,national_activity,0,0.04479049068913148,0.04479049068913148,39
MT,coincident,2,-0.044692782977689374,0.044692782977689374,38
NE,payroll,3,-0.04431671312178846,0.04431671312178846,37
WY,payroll,1,-0.04419930707428236,0.04419930707428236,39
FL,national_activity,0,0.043868943318647775,0.043868943318647775,39
VT,claims,2,0.04383367833168986,0.04383367833168986,38
LA,national_activity,2,0.04381414550477667,0.04381414550477667,38
NH,claims,3,0.04365932224881689,0.04365932224881689,37
WY,coincident,1,0.04359388944062056,0.04359388944062056,39
KS,national_activity,2,-0.043408412049604855,0.043408412049604855,38
AR,payroll,3,-0.04318935915507954,0.04318935915507954,37
CO,coincident,2,0.042924474882446655,0.042924474882446655,38
DE,claims,4,-0.04229987136821822,0.04229987136821822,36
SC,coincident,2,-0.04226119613547604,0.04226119613547604,38
DE,payroll,4,0.041964493792196154,0.041964493792196154,36
RI,national_activity,2,0.04149843997993562,0.04149843997993562,38
DE,coincident,2,0.04125237009273919,0.04125237009273919,38
TX,claims,4,0.041018016197733716,0.041018016197733716,36
CO,national_activity,0,0.040943773749242234,0.040943773749242234,39
CA,national_activity,0,-0.04056514843565961,0.04056514843565961,39
TX,national_activity,1,0.04028656223924659,0.04028656223924659,39
VA,national_activity,2,0.040178674734879766,0.040178674734879766,38
GA,claims,1,0.03947029571460215,0.03947029571460215,39
VT,payroll,2,-0.039297957256509315,0.039297957256509315,38
ND,claims,4,0.03916087391921226,0.03916087391921226,36
LA,national_activity,1,-0.03897321630978376,0.03897321630978376,39
NJ,national_activity,4,0.03835933406727533,0.03835933406727533,36
IL,coincident,2,-0.03813414420768006,0.03813414420768006,38
ID,coincident,3,-0.03802072299842811,0.03802072299842811,37
NM,payroll,2,0.037983368560430046,0.037983368560430046,38
SD,national_activity,3,0.037012861885832575,0.037012861885832575,37
KY,national_activity,3,0.03688530532354559,0.03688530532354559,37
SD,coincident,3,0.03686708850390294,0.03686708850390294,37
GA,coincident,4,-0.03686513750807648,0.03686513750807648,36
LA,coincident,2,0.03674972865069228,0.03674972865069228,38
NV,national_activity,2,-0.03664164818475467,0.03664164818475467,38
ID,national_activity,0,0.03645732405463546,0.03645732405463546,39
MA,payroll,3,0.03621590447078953,0.03621590447078953,37
ID,claims,2,0.03596907948458741,0.03596907948458741,38
MD,payroll,2,0.035832559914702446,0.035832559914702446,38
OH,national_activity,4,0.03576099789444719,0.03576099789444719,36
TN,coincident,4,-0.03558972814741425,0.03558972814741425,36
OH,national_activity,0,0.03557392854283823,0.03557392854283823,39
IN,payroll,3,-0.035492350780028506,0.035492350780028506,37
DE,coincident,4,0.03546497616883737,0.03546497616883737,36
WY,payroll,4,-0.035410865565079046,0.035410865565079046,36
MA,national_activity,3,-0.035081037259552354,0.035081037259552354,37
KS,national_activity,3,-0.03487186684768321,0.03487186684768321,37
CO,national_activity,2,-0.03459243014693004,0.03459243014693004,38
ID,payroll,3,0.03452007540863362,0.03452007540863362,37
TN,national_activity,4,0.03432566451092855,0.03432566451092855,36
NE,national_activity,3,0.03398091616690421,0.03398091616690421,37
ID,coincident,2,-0.033842359250112815,0.033842359250112815,38
AZ,coincident,3,0.03379000700195645,0.03379000700195645,37
NJ,payroll,4,0.033743159037110025,0.033743159037110025,36
NC,payroll,3,-0.03350439216763842,0.03350439216763842,37
IL,claims,2,0.0333175066846285,0.0333175066846285,38
GA,national_activity,0,-0.03324355815321915,0.03324355815321915,39
VT,payroll,3,0.03322143936341175,0.03322143936341175,37
LA,national_activity,3,0.03289814092860141,0.03289814092860141,37
WY,claims,1,-0.032712061772284855,0.032712061772284855,39
FL,payroll,3,0.032192476179523165,0.032192476179523165,37
WI,national_activity,2,0.03199091025836002,0.03199091025836002,38
IA,national_activity,2,-0.03196123571276533,0.03196123571276533,38
TX,payroll,4,-0.031932128099278756,0.031932128099278756,36
AL,claims,4,-0.03192890854394163,0.03192890854394163,36
NJ,payroll,2,-0.03173508381130286,0.03173508381130286,38
ID,payroll,4,0.03161100027220041,0.03161100027220041,36
AR,claims,2,0.031496927478218605,0.031496927478218605,38
AZ,coincident,4,-0.03127314105921057,0.03127314105921057,36
NE,national_activity,4,0.03113130509798098,0.03113130509798098,36
MD,national_activity,0,0.03108669477948813,0.03108669477948813,39
OK,coincident,2,0.03096618270661028,0.03096618270661028,38
FL,payroll,2,-0.030420542348734134,0.030420542348734134,38
DC,claims,3,0.030348600312090065,0.030348600312090065,37
MA,national_activity,4,-0.02970596952351391,0.02970596952351391,36
OK,coincident,3,0.02919409005228947,0.02919409005228947,37
ME,national_activity,2,0.029025179330886372,0.029025179330886372,38
NJ,national_activity,3,0.028957753264720745,0.028957753264720745,37
CO,national_activity,4,-0.028928375082044377,0.028928375082044377,36
NJ,claims,4,0.028581644937805215,0.028581644937805215,36
SC,coincident,3,-0.028556273101856114,0.028556273101856114,37
KY,coincident,2,-0.028404935532865275,0.028404935532865275,38
MI,national_activity,3,0.02815060045385463,0.02815060045385463,37
ME,coincident,3,0.02814281275229617,0.02814281275229617,37
NV,payroll,2,-0.027897865987392398,0.027897865987392398,38
MD,national_activity,3,-0.0278722138252399,0.0278722138252399,37
PA,national_activity,3,0.02781223432550023,0.02781223432550023,37
ND,payroll,3,-0.02767677373013807,0.02767677373013807,37
WV,coincident,2,-0.027287955628761035,0.027287955628761035,38
OH,national_activity,3,0.026597004732028105,0.026597004732028105,37
MS,coincident,4,-0.026499633216941154,0.026499633216941154,36
TX,payroll,2,-0.02637569806989676,0.02637569806989676,38
NM,payroll,3,-0.026336409696051142,0.026336409696051142,37
ID,coincident,4,0.0260898364285524,0.0260898364285524,36
WI,national_activity,4,0.026038744369233233,0.026038744369233233,36
MT,payroll,4,-0.02532903641955377,0.02532903641955377,36
IL,national_activity,4,0.025067235807677633,0.025067235807677633,36
CO,claims,2,0.025065031398772506,0.025065031398772506,38
NE,national_activity,0,0.02487967934277905,0.02487967934277905,39
NV,coincident,1,-0.024459355768002695,0.024459355768002695,39
RI,national_activity,4,0.024425119088570146,0.024425119088570146,36
WA,national_activity,2,-0.024368261054298384,0.024368261054298384,38
NV,national_activity,0,0.02431723340352261,0.02431723340352261,39
NJ,coincident,4,0.024316590077312572,0.024316590077312572,36
SD,claims,2,-0.024113971101758325,0.024113971101758325,38
MS,payroll,2,0.023981872331195083,0.023981872331195083,38
NJ,national_activity,2,0.023561378819462016,0.023561378819462016,38
AZ,claims,4,0.023508390153338603,0.023508390153338603,36
MN,national_activity,2,-0.02349464307405801,0.02349464307405801,38
VT,coincident,3,0.0234529495269871,0.0234529495269871,37
NY,claims,3,0.0231707280333869,0.0231707280333869,37
IN,coincident,2,-0.022859793119789095,0.022859793119789095,38
WA,national_activity,0,-0.022783600597966462,0.022783600597966462,39
OK,payroll,4,0.02276526406311277,0.02276526406311277,36
AL,payroll,4,-0.022307284991467037,0.022307284991467037,36
NV,payroll,3,0.02215558647180086,0.02215558647180086,37
ND,coincident,2,0.022064348633287496,0.022064348633287496,38
WV,claims,2,-0.021718137448229088,0.021718137448229088,38
PA,claims,4,0.021504643570073124,0.021504643570073124,36
KY,coincident,4,0.021127921002380697,0.021127921002380697,36
VT,coincident,2,-0.020889689249507553,0.020889689249507553,38
IA,national_activity,0,-0.02078305580195864,0.02078305580195864,39
NH,national_activity,2,-0.019714264621047518,0.019714264621047518,38
MN,coincident,2,-0.019530235316118933,0.019530235316118933,38
MN,coincident,3,-0.01944541352232261,0.01944541352232261,37
MO,coincident,3,0.019410465995141776,0.019410465995141776,37
VT,claims,4,0.019404049323066726,0.019404049323066726,36
IL,payroll,2,-0.01924604061134585,0.01924604061134585,38
MD,national_activity,2,-0.0189367906962562,0.0189367906962562,38
OK,claims,3,0.01892132398627254,0.01892132398627254,37
OH,national_activity,2,0.01799369582154787,0.01799369582154787,38
MI,national_activity,2,0.017928611823287807,0.017928611823287807,38
WI,claims,1,0.017657848672029783,0.017657848672029783,39
AZ,payroll,3,0.017654938310978915,0.017654938310978915,37
OK,national_activity,1,0.0175135341638513,0.0175135341638513,39
DE,payroll,3,0.017473005723957116,0.017473005723957116,37
RI,claims,1,0.01718917181276767,0.01718917181276767,39
FL,national_activity,3,-0.0171624317897482,0.0171624317897482,37
WV,payroll,3,-0.017000836073814436,0.017000836073814436,37
FL,coincident,2,0.016801679871080364,0.016801679871080364,38
NE,national_activity,2,0.016533210287054505,0.016533210287054505,38
MO,payroll,3,0.01591065864522684,0.01591065864522684,37
SC,payroll,3,-0.015683684955338725,0.015683684955338725,37
OK,claims,2,0.015599216529157604,0.015599216529157604,38
NE,coincident,3,0.015376542354907301,0.015376542354907301,37
IN,coincident,3,-0.015152136176055632,0.015152136176055632,37
CO,payroll,2,0.015147568011002269,0.015147568011002269,38
IN,national_activity,3,-0.015034145292393544,0.015034145292393544,37
ID,national_activity,4,-0.014817871548128022,0.014817871548128022,36
MN,payroll,3,-0.014494027641885341,0.014494027641885341,37
DE,coincident,3,0.014074226083900023,0.014074226083900023,37
IN,national_activity,0,0.013989223713550417,0.013989223713550417,39
UT,coincident,4,-0.013984184733462813,0.013984184733462813,36
OR,coincident,2,-0.013546169693118752,0.013546169693118752,38
UT,payroll,4,0.013409814880951122,0.013409814880951122,36
AR,coincident,2,-0.013328665393936763,0.013328665393936763,38
NH,national_activity,0,-0.01297812489173518,0.01297812489173518,39
FL,national_activity,4,-0.012921016352745595,0.012921016352745595,36
PA,national_activity,4,0.012679054136962447,0.012679054136962447,36
VT,payroll,4,0.012447086375920352,0.012447086375920352,36
PA,national_activity,2,0.01238324485562397,0.01238324485562397,38
NC,coincident,3,-0.012220575356879869,0.012220575356879869,37
SD,payroll,3,0.01219206626989849,0.01219206626989849,37
ND,coincident,4,-0.01206562091846185,0.01206562091846185,36
ND,payroll,1,-0.011622922684141543,0.011622922684141543,39
ME,payroll,3,0.01146865996115028,0.01146865996115028,37
KY,payroll,4,0.011465222100995986,0.011465222100995986,36
MI,national_activity,4,0.011418919348039586,0.011418919348039586,36
WV,payroll,2,0.011193161097903285,0.011193161097903285,38
MT,claims,2,0.011049993690396488,0.011049993690396488,38
TN,coincident,2,-0.010941614315128686,0.010941614315128686,38
SC,claims,3,-0.010539742555562732,0.010539742555562732,37
TN,national_activity,0,0.010490832864767383,0.010490832864767383,39
OH,coincident,3,0.010013775357111732,0.010013775357111732,37
KS,national_activity,0,-0.009979622695040328,0.009979622695040328,39
KY,payroll,2,0.00988804670993132,0.00988804670993132,38
SC,payroll,2,-0.00984898208471251,0.00984898208471251,38
MN,national_activity,3,-0.009687859595486572,0.009687859595486572,37
NH,national_activity,4,-0.009377019673193562,0.009377019673193562,36
ID,claims,4,-0.00913034689979722,0.00913034689979722,36
KS,coincident,2,-0.008851922329291302,0.008851922329291302,38
VT,coincident,4,-0.008661029861563162,0.008661029861563162,36
GA,payroll,2,-0.008375846592337748,0.008375846592337748,38
TN,national_activity,2,-0.008366149256052433,0.008366149256052433,38
MN,national_activity,4,0.008079790588220495,0.008079790588220495,36
AL,claims,2,0.007800617965222595,0.007800617965222595,38
NY,national_activity,3,0.007432109241539263,0.007432109241539263,37
IA,national_activity,3,-0.007009630616107413,0.007009630616107413,37
TN,national_activity,3,0.006944819159216761,0.006944819159216761,37
MI,national_activity,0,0.006797461461861147,0.006797461461861147,39
SD,national_activity,0,-0.00612686307824512,0.00612686307824512,39
NC,coincident,2,-0.0059185410108947385,0.0059185410108947385,38
AZ,national_activity,4,-0.005883721513547093,0.005883721513547093,36
FL,claims,2,-0.005664516569748903,0.005664516569748903,38
IL,national_activity,2,-0.005106411148725885,0.005106411148725885,38
NM,coincident,3,-0.005095955078083619,0.005095955078083619,37
OH,payroll,3,-0.0048886861467019455,0.0048886861467019455,37
MD,coincident,2,0.004850322180126751,0.004850322180126751,38
NY,national_activity,2,-0.004550496081209858,0.004550496081209858,38
KY,claims,4,0.004531134898023821,0.004531134898023821,36
MA,national_activity,0,0.00448014786992648,0.00448014786992648,39
SD,national_activity,2,-0.004237504518108069,0.004237504518108069,38
FL,national_activity,2,0.0036633388471452974,0.0036633388471452974,38
MT,national_activity,1,0.0036158148376500905,0.0036158148376500905,39
GA,coincident,2,0.003603904771677433,0.003603904771677433,38
NM,coincident,2,-0.003582242436912691,0.003582242436912691,38
MS,payroll,4,-0.0034276008994268596,0.0034276008994268596,36
IN,national_activity,2,-0.0031258126429113187,0.0031258126429113187,38
AZ,national_activity,3,0.0030308635838461845,0.0030308635838461845,37
AZ,national_activity,2,0.0030197139689381062,0.0030197139689381062,38
AZ,payroll,4,-0.002946467011295488,0.002946467011295488,36
IN,national_activity,4,-0.0027783284403822316,0.0027783284403822316,36
NH,national_activity,3,0.002735120913613068,0.002735120913613068,37
DC,national_activity,0,-0.0024906287831989856,0.0024906287831989856,39
IA,claims,2,-0.002481441570857519,0.002481441570857519,38
DE,claims,2,-0.002318867206501011,0.002318867206501011,38
ID,national_activity,3,-0.0016930926272925991,0.0016930926272925991,37
TN,claims,4,-0.001382292186668826,0.001382292186668826,36
ND,claims,2,0.0012653152089599014,0.0012653152089599014,38
ID,national_activity,2,-0.0012571225799934403,0.0012571225799934403,38
NJ,coincident,2,-0.001157224908122879,0.001157224908122879,38
OK,claims,4,-0.0007012981182810391,0.0007012981182810391,36
NC,payroll,2,0.0006937450758866073,0.0006937450758866073,38
IL,national_activity,3,-0.00029523559516902667,0.00029523559516902667,37
DC,coincident,0,,,0
DC,coincident,1,,,0
DC,coincident,2,,,0
DC,coincident,3,,,0
DC,coincident,4,,,0
